{
    "vendorId": "0x5209",
    "productId": "0x006b",
    "lighting": "wt_mono_backlight",
    "matrix": { "rows": 5, "cols": 15 },
    "layouts": {
      "labels": [
        ["Backspace", "Full", "Split"]
      ],
      "keymap": [
        [
          {
            "x": 14.5,
            "f": 1
          },
          "0,13\n\n\n0,1",
          "0,14\n\n\n0,1"
        ],
        [
          {
            "x": 16.7,
            "c": "#727474"
          },
          "4,14"
        ],
        [
          {
            "y": -0.95,
            "x": 12.5,
            "c": "#cccccc"
          },
          "0,11"
        ],
        [
          {
            "y": -0.8999999999999999,
            "x": 13.5
          },
          "0,12",
          {
            "w": 2
          },
          "0,13\n\n\n0,0"
        ],
        [
          {
            "y": -0.95,
            "x": 2.5
          },
          "0,2"
        ],
        [
          {
            "y": -0.9000000000000001,
            "x": 0.5
          },
          "0,0",
          "0,1"
        ],
        [
          {
            "y": -0.2999999999999998,
            "x": 16.95,
            "c": "#727474"
          },
          "1,14"
        ],
        [
          {
            "y": -0.8500000000000005,
            "x": 13.25,
            "c": "#cccccc"
          },
          "1,11",
          "1,12",
          {
            "w": 1.5
          },
          "1,13"
        ],
        [
          {
            "y": -0.8499999999999996,
            "x": 0.35,
            "w": 1.5
          },
          "1,0",
          "1,1"
        ],
        [
          {
            "y": -0.2999999999999998,
            "x": 17.2,
            "c": "#727474"
          },
          "2,14"
        ],
        [
          {
            "y": -0.8500000000000005,
            "x": 12.75,
            "c": "#cccccc"
          },
          "2,10",
          "2,11",
          {
            "c": "#727474",
            "w": 2.25
          },
          "2,13"
        ],
        [
          {
            "y": -0.8500000000000001,
            "x": 0.15,
            "c": "#cccccc",
            "w": 1.75
          },
          "2,0",
          "2,1"
        ],
        [
          {
            "y": -0.15000000000000036,
            "x": 13.25
          },
          "3,11",
          {
            "w": 1.75
          },
          "3,12"
        ],
        [
          {
            "y": -0.8499999999999996,
            "w": 2.25
          },
          "3,0",
          "3,2",
          {
            "x": 12.95
          },
          "3,13"
        ],
        [
          {
            "w": 1.5
          },
          "4,0",
          {
            "x": 13.7
          },
          "4,11"
        ],
        [
          {
            "y": -0.9999999999999991,
            "x": 16.2
          },
          "4,12",
          "4,13"
        ],
        [
          {
            "r": 10,
            "rx": 3,
            "ry": 4.25,
            "y": -3,
            "x": 0.20000000000000018
          },
          "0,3",
          "0,4",
          "0,5",
          "0,6"
        ],
        [
          {
            "x": -0.25
          },
          "1,2",
          "1,3",
          "1,4",
          "1,5"
        ],
        [
          "2,2",
          "2,3",
          "2,4",
          "2,5"
        ],
        [
          {
            "x": 0.5
          },
          "3,3",
          "3,4",
          "3,5",
          "3,6"
        ],
        [
          {
            "x": 0.5,
            "w": 1.5
          },
          "4,2",
          {
            "c": "#727474",
            "w": 2
          },
          "4,6",
          {
            "c": "#cccccc"
          },
          "4,8"
        ],
        [
          {
            "r": -10,
            "rx": 12.5,
            "y": -3,
            "x": -3.6999999999999993
          },
          "0,7",
          "0,8",
          "0,9",
          "0,10"
        ],
        [
          {
            "x": -4.25
          },
          "1,6",
          "1,7",
          "1,8",
          "1,9",
          "1,10"
        ],
        [
          {
            "x": -4
          },
          "2,6",
          "2,7",
          "2,8",
          "2,9"
        ],
        [
          {
            "x": -3.5
          },
          "3,7",
          "3,8",
          "3,9",
          "3,10"
        ],
        [
          {
            "x": -4.1,
            "c": "#727474",
            "w": 2.75
          },
          "4,9",
          {
            "c": "#cccccc",
            "w": 1.5
          },
          "4,10"
        ]
      ]
  }
  }
